"['.DAHUA', '19,5""', 'DHI-LM20-A202V,TN,', 'BLACK', '1600x', '900', '16:9', 'HD;', '600:1;250cd/m2;', '5ms,VGA']"/['5850', 'Сом']/"https://enter.kg//images/stories/virtuemart/product/1_2155_2973.jpg"
"['Монитор', 'LCD', '20""', 'DAHUA', 'DHI-LM20-A202V', '(1600x900,', '5ms,', '75Hz,', '250cd/m2,', '600:1,', '90°/65°,', 'VGA)', 'Black']"/['5940', 'Сом']/"https://enter.kg//images/stories/virtuemart/product/2b7060a297c99545223f76f7e86e9ce5_2998.jpg"
"['PHILIPS', '18,5""', '193V5LSB2,LED,BLACK', '1366', 'x', '768', '16:9', 'HD;', '10000000:1', ';', '200cd/m2;', '5ms,VGA']"/['6570', 'Сом']/"https://enter.kg//images/stories/virtuemart/product/resized/2_2072.jpg"
"['.UNIVIEW', '21.5""', 'MW-LC22', 'LED', 'VA', 'FHD', '16:9/75Hz/14ms/3000:1/178/178/250cd/m2/1920×1080', 'VGA', 'HDMI']"/['6885', 'Сом']/"https://enter.kg//images/yandex.png"
"['Монитор', '21,5""', 'PHILIPS', '223V5LHSB2/01', '1920x1080,TN,', '5ms,', '60Hz,', '200cd/m2,', '600:1,', '90°/65°,', 'VGA,', 'HDMI,', 'VESA', '100x100,', 'Black', '(VGA', 'cable', '1.2m)']"/['7110', 'Сом']/"https://enter.kg//images/stories/virtuemart/product/monitor-lcd-215-philips-223v5lhsb2-01-1920x1080tn5ms60hz200-cd-m2600-190-65vgahdmivesa-100x100black_7951.jpg"
"['Монитор', 'LCD', '22""', 'DAHUA', 'DHI-LM22-B200S', '(1920x1080,', '5ms,', '75Hz,', '250cd/m2,', '3000:1,', '178°/178°,', 'VGA,', 'HDMI)', 'Black']"/['7155', 'Сом']/"https://enter.kg//images/stories/virtuemart/product/без названия (29)_6907.jfif"
"['SAMSUNG', '21.5""', 'LS22A330NHMXUE', 'VA', '6ms,10000000:1,250', 'кд/м2,', '1920x1080,178/178', 'VGA', 'HDMI']"/['7470', 'Сом']/"https://enter.kg//images/stories/virtuemart/product/без названия (4)_4332.jpeg"
"['Монитор', 'LCD', '22""', 'DAHUA', 'DHI-LM22-H200', '(1920x1080,', '6,5ms,', '60Hz,', '250cd/m2,', '3000:1,', '178°/178°,', 'VGA,', 'HDMI,', 'Динамики)', 'Black']"/['7920', 'Сом']/"https://enter.kg//images/stories/virtuemart/product/без названия (30)_2794.jfif"
"['Монитор', 'LCD', '21.5""', 'AOC', '22B2H', 'Black,', 'VA,1920x1080,', '3000:1(20000000:1),', '250cd/m2,', '75Hz,178/178,', '4ms,FlickerFree,LowBlueLight,', 'D-Sub,', 'HDMI,', '3,5mm', 'Jack,', 'крепление', 'Vesa100x100,', 'узкая', 'рамка,HDMI', 'в', 'комплекте']"/['7965', 'Сом']/"https://enter.kg//images/stories/virtuemart/product/4_2347.png"
"['Монитор', 'LCD', '21.5"",', 'Samsung', 'LF22T350FHIXCI,', 'IPS,', '1920x1080,', '1000:1,', '250cd/m2,', '178/178,', '75Hz,', '5ms,', 'D-Sub,', 'HDMI']"/['8370', 'Сом']/"https://enter.kg//images/stories/virtuemart/product/без названия (6)_6244.jpeg"
"['.HIKVISION', '21.5""', 'DS-D5022FN-C', 'LED', 'FHD', '16:9/5ms/1000:1/178/178/250cd/m2/1920x1080', 'VGA', 'HDMI']"/['8730', 'Сом']/"https://enter.kg//images/stories/virtuemart/product/1_5947.jfif"
"['Монитор', 'LCD', '21.5"",', 'Viewsonic', 'VA2215-H,', 'Black,', 'VA,', '1920x1080,', '3000:1(DCR50000000:1),', '250cd/m2,', '5ms,', '75Ghz,', '178°/178°,', 'VGA,', 'HDMI,', 'Audio-Out']"/['8766', 'Сом']/"https://enter.kg//images/stories/virtuemart/product/без названия (7)_6147.jpeg"
"['.HIKVISION', '23.8""', 'DS-D5024FN', 'LED', 'VA', '16:9/14ms/1000:1/178/178/250cd/m2/1920x1080', 'FHD', 'VGA', 'HDMI']"/['8820', 'Сом']/"https://enter.kg//images/stories/virtuemart/product/без названия_8032.jpg"
"['.UNIARCH', '23.8""', 'MT-24-L', 'LED', 'VA', 'FHD', '16:9/14ms/1000:1/178/178/250cd/m2/1920×1080', 'VGA', 'HDMI']"/['8910', 'Сом']/"https://enter.kg//images/stories/virtuemart/product/3_2672.jfif"
"['PHILIPS', '23,8""', '241V8L', 'VA', 'WIDE', '1920x1080', '178/178', '10000000:1', '250kd/m2', '4ms', 'VGA,', 'HDMI']"/['8910', 'Сом']/"https://enter.kg//images/stories/virtuemart/product/3_7530.jpg"
"['.LG', '21.5""', '22MP410-B', 'VA', 'LED', '5ms/1000000:1/178/178/1920x1080', 'FullHD', 'VGA', 'HDMI']"/['9000', 'Сом']/"https://enter.kg//images/stories/virtuemart/product/9d61188be1ab1482a1380808fd334458_6841.jpg"
"['Монитор', 'LCD', '22"",', 'Viewsonic', 'VA2223-H,', 'Black,', '1920x1080,', '600:1(DCR50000000:1),', '250cd/m2,', '5ms,', '75Ghz,', '90°/65°,', 'VGA,', 'HDMI']"/['9000', 'Сом']/"https://enter.kg//images/stories/virtuemart/product/2_8525.jfif"
"['Монитор', 'LCD', '21.5""', 'LG', '22MP410-B,', 'VA,', 'Black,', '1920x1080,', '3000:1,', '250cd/m2,', '178/178,', '5ms,', 'VGA,', 'HDMI']"/['9090', 'Сом']/"https://enter.kg//images/stories/virtuemart/product/без названия (22)_3522.jfif"
"['ACER', '23.8""', 'K243Y', 'IPS', 'LED', '1ms,10000000:1,250', 'кд/м2,1920x1080', '75Hz,178/178', 'VGA', 'HDMI']"/['9180', 'Сом']/"https://enter.kg//images/novinka.gif"
"['Монитор', 'LCD', '21.5""', 'LG', '22MP400-B', 'VA', 'LED', '5ms/1000000:1/178/178/1920x1080', 'FullHD', 'VGA', 'HDMI']"/['9180', 'Сом']/"https://enter.kg//images/stories/virtuemart/product/2_8428_1581.jpg"
"['.UNIVIEW', '21.5""', 'MW3222-V', 'LED', 'FHD', '16:9/5ms/1000:1/170/160/250cd/m2/1920×1080', 'VGA', 'HDMI', 'Speaker', '2x2W']"/['9315', 'Сом']/"https://enter.kg//images/stories/virtuemart/product/атпатимтмитми_2402.jfif"
"['Монитор', 'LCD', '23.8""', 'Xiaomi', 'Mi', '1C', 'IPS', '1920x1080,', '16:9,', '178°/178°,', '250d/m2,', '1000', ':1,', '6ms,', 'VGA,', 'HDMI)', '[RMMNT238NF/BHR4510GL]']"/['9585', 'Сом']/"https://enter.kg//images/novinka.gif"
"['.DAHUA', '21.5""', 'DHL22-L200', 'LED', 'FHD', '16:9/5ms/1000:1/170/160/250cd/m2/1920x1080', 'VGA', 'HDMI']"/['9630', 'Сом']/"https://enter.kg//images/stories/virtuemart/product/7_4930.jpg"
"['AOC', '23.8""', '24B3HM', 'VA', 'LED', '4ms,20000000:1,250', 'кд/м2,1920', 'x', '1080,178/178', 'VGA', 'HDMI']"/['9630', 'Сом']/"https://enter.kg//images/stories/virtuemart/product/bc17ef97923943d9b412c4cbe85e5fdef177845df14607a65d585ef21638e4c3_8173.jpg"
"['.LG', '24""', '24MP400-B', 'IPS', 'LED', '5ms/1000000:1/178/178/1920x1080', 'FullHD', 'VGA', 'HDMI']"/['9720', 'Сом']/"https://enter.kg//images/stories/virtuemart/product/mnt-24mp400-03-ergonomic-design-m_6981.jpg"
"['Монитор', 'LCD', '23.8""', 'LG', '24MP400-B', 'Black,', 'IPS,', '1920x1080,', 'AMD', 'FreeSync,', '1000:1,', '250', 'cd/m2,', '178/178,', '5ms,', 'HDMI,', 'VGA,', 'регулировка', 'наклона,', 'в', 'комплекте', 'кабель', 'HDMI']"/['9765', 'Сом']/"https://enter.kg//images/stories/virtuemart/product/2_5613.webp"
"['PHILIPS', '23.6""', '243V5QHABA', 'MVA', 'WIDE', '1920x1080', '10000000:1', '8ms', 'DVI-D', 'VGA', 'HDMI', 'Speakers', '2x2Watt']"/['9810', 'Сом']/"https://enter.kg//images/stories/virtuemart/product/без названия (13)_1000.jfif"
"['Монитор', 'LCD', '24""', 'DAHUA', 'DHI-LM24-B200S', '(1920x1080,', '5ms,', '75Hz,', '250cd/m2,', '3000:1,', '178°/178°,', 'VGA,', 'HDMI)', 'Black']"/['9900', 'Сом']/"https://enter.kg//images/stories/virtuemart/product/dahuadhi-lm24-b200s23.8_fhdmonitor_0ace34ac-d97c-4bfc-aec5-e8771697ba11_1576.webp"
"['.LG', '23.8""', '24MK600M-B', 'IPS', 'LED', '5ms', '1000000:1', '250cd/m2', '178/178', '1920x1080', 'FullHD', '2xHDMI', 'VGA']"/['10098', 'Сом']/"https://enter.kg//images/stories/virtuemart/product/8_6324.jfif"
"['Монитор', 'LCD', '24""', 'Samsung', 'LS24C310EAIXCI', 'Black,', 'IPS,', '1920x1080,', '1000:1', '(Mega),', '250cd/m2,', '75Hz,', '178/178,', '5ms,', 'VGA,', 'HDMI']"/['10247', 'Сом']/"https://enter.kg//images/stories/virtuemart/product/3_1685.jpeg"
"['Монитор', 'LCD', '24""', 'Samsung', 'LF24T352FHIXCI', 'Black,', 'IPS,', '1920x1080,', '1000:1', '(Mega),', '250cd/m2,', '75Ghz,', '5ms,', 'D-SUB', '(VGA),', 'HDMI']"/['10296', 'Сом']/"https://enter.kg//images/stories/virtuemart/product/0530e591f64af07f49bdc4ba429d607a_5421.png"
"['Монитор', 'LCD', '23.8"",', 'Samsung', 'LF24T350FHIXCI', 'Black,', 'IPS,', '1920x1080,', '1000:1,', '250cd/m2,', '178/178,', '5ms,', '75', 'Гц,', 'AMD', 'FreeSync,', 'Flicker', 'Free,', 'D-Sub,', 'HDMI,', 'в', 'комплекте', 'кабель', 'HDMI']"/['10395', 'Сом']/"https://enter.kg//images/stories/virtuemart/product/без названия (23)_6967.jfif"
"['Монитор', 'LCD', '23.8""', 'AOC', '24B2XDA', 'Black,', 'IPS,', '1920x1080,', '1000:1', '(20000000:1),', '250cd/m2,', '178/178,', '75Hz,', '4ms,', 'VGA,', 'HDMI,', 'DVI,', 'Headphone-Out,', 'Speakers', '2x2W']"/['10445', 'Сом']/"https://enter.kg//images/stories/virtuemart/product/22_6526.jfif"
"['Монитор', '23,8""', 'PHILIPS', '243V7QDAB/01', '1920x1080,', 'IPS,', '4ms,', '75Hz,', '250cd/m2,', '1000:1,', '178°/178°,', 'VGA,', 'HDMI,', 'Динамики,', 'VESA', '100x100,', 'Black', '(HDMI', 'cable)']"/['10494', 'Сом']/"https://enter.kg//images/stories/virtuemart/product/philips-243v7qdab-01-monitor-238-lcd-ips-16-9-1920kh1080fhd-nonglare-250cd-m2-h178-v178-10m-1-5ms-vga-dvi-hdmi-tilt-speakers-aud (1)_4781.jpg"
"['AOC', '21.5""', 'LED', 'LCD', 'E2270SWHN/01', 'Black,', '1920x1080,', '700:1', '(20000000:1),', '200cd/m2,', 'HDMI+VGA,out', 'Audiojack']"/['10692', 'Сом']/"https://enter.kg//images/stories/virtuemart/product/2_2916.jpg"
"['.UNIVIEW', '27""', 'MW3227-L', 'IPS', 'LED', 'FHD', '16:9/14ms/800:1/178/178/250cd/m2/1920×1080', 'VGA', 'HDMI']"/['10791', 'Сом']/"https://enter.kg//images/stories/virtuemart/product/6_4873.jpg"
"['Монитор', 'LCD', '23""', 'ASUS', 'VC239HE-W,', 'IPS,', '1920x1080,', '1000:1(Mega),', '250', 'кд/м2,', '178/178,', '5ms,', '60Hz,', 'Low', 'Blue', 'Light,', 'VESA', '100', 'x', '100', 'мм,', 'белый,', 'VGA,', 'HDMI']"/['10791', 'Сом']/"https://enter.kg//images/stories/virtuemart/product/без названия (47)_7758.jfif"
"['LED', 'LCD', '21.5"",', 'AOC', 'E2270SWHN/01,', 'Black,', 'Full', 'HD', '1920x1080,', '20000000:1,', '200cd/m2,', '170/170,', '5ms,', 'out', 'Audiojack,', 'VGA,', 'HDMI']"/['11088', 'Сом']/"https://enter.kg//images/stories/virtuemart/product/4_6106.jpg"
"['Монитор', 'LCD', '23.5"",', 'Samsung', 'LC24F396FHIXCI', 'Curved,', '1920x1080,', '3000:1,', '250cd/m2,', '178/178,', '4ms,', 'D-Sub,', 'HDMI,', 'Flicker', 'Free,', 'FreeSync,', 'в', 'комплекте:', 'кабель', 'HDMI,', 'изогнутый', 'тонкий', 'корпус']"/['11237', 'Сом']/"https://enter.kg//images/stories/virtuemart/product/lc24f396fhixci-5_6232.jpg"
"['Монитор', 'LCD', '24"",', 'Samsung', 'LC24F390FHIXCI', 'Curved', '1920x1080,', '3000:1', '(ст.),', '250', 'cd/м²,', '178°', '(Г)', '/178°', '(В),', 'D-Sub(VGA),', 'HDMI']"/['11237', 'Сом']/"https://enter.kg//images/stories/virtuemart/product/monitor-samsung-lc24f390fhixci-238-izognutyj-chernyj-chastota-60gc-matrica-va-s-razresheniem-19201080-otnosheniem-storon-16-9-ya_4945.jpg"
"['AOC', '27""', '27B2HM', 'VA', 'LED', '8ms,20000000:1,250', 'кд/м2,1920', 'x', '1080,178/178', 'VGA', 'HDMI']"/['11781', 'Сом']/"https://enter.kg//images/stories/virtuemart/product/27b2h_f_3690.png"
"['PHILIPS', '27""', '271V8L', 'VA', 'LED', 'WIDE', '1920x1080', '10000000:1', '250cd/m2', '5ms', 'VGA', 'HDMI']"/['11781', 'Сом']/"https://enter.kg//images/stories/virtuemart/product/7_6437.jpg"
"['.HIKVISION', '27""', 'DS-D5027FN01', 'LED', 'IPS', '16:9/14ms/1000:1/178/178/300cd/m2/1920x1080', 'FHD', 'VGA', 'HDMI']"/['11880', 'Сом']/"https://enter.kg//images/stories/virtuemart/product/3_2609.jpg"
"['Монитор', 'LCD', '27""', 'DAHUA', 'DHI-LM27-B200', '(1920x1080,', '5ms,', '75Hz,', '250cd/m2,', '3000:1,', '178°/178°,', 'VGA,', 'HDMI)', 'Black']"/['11880', 'Сом']/"https://enter.kg//images/stories/virtuemart/product/dhi-lm27-b200__6173ec7c9176a7.07273203_3008.png"
"['Монитор', '27""', 'PHILIPS', '271V8L/01', '1920x1080,', 'VA,', '4ms,', '75Hz,', '250cd/m2,', '3000:1,', '178°/178°,', 'VGA,', 'HDMI,', 'VESA', '100x100,', 'Black', '(HDMI', 'cable', '1.2m)']"/['11930', 'Сом']/"https://enter.kg//images/stories/virtuemart/product/без названия (32)_1513.jfif"
"['Монитор', 'LCD', '27""', 'DAHUA', 'DHI-LM27-B200S', '(1920x1080,', 'VA,', '5ms,', '75Hz,', '200cd/m2,', '4000:1,', '178°/178°,', 'VGA,', 'HDMI,', 'Speaker', '4W,', 'кабель', 'HDMI', '1,8m,', 'Metal)', 'Black']"/['12078', 'Сом']/"https://enter.kg//images/stories/virtuemart/product/12_7360.png"
"['ACER', '27""', 'KA272', 'Ebi', 'IPS', 'LED', '1ms', '10000000:1', '250', 'кд/м2', '1920x1080', '100Hz', '178/178', 'VGA', 'HDMI']"/['12177', 'Сом']/"https://enter.kg//images/yandex.png"
"['AOC', '23.8""', '24B1H', 'MVA', 'LED', '7ms,50000000:1,250', 'кд/м2,1920', 'x', '1080,178/178', 'VGA', 'HDMI']"/['12276', 'Сом']/"https://enter.kg//images/stories/virtuemart/product/3_8936.jfif"
"['Монитор', 'LCD', '27""', 'Acer', 'KA272', 'E,', 'LED,', '1920x1080', 'IPS,', '16:9,', '1000:1,', '100Гц,', '250', 'кд/м2,', '1мс,', 'D-Sub,', 'HDMI']"/['12276', 'Сом']/"https://enter.kg//images/stories/virtuemart/product/5_4045.jpeg"
"['.LG', '27""', '27MP400', 'IPS', 'LED', '5ms/1000000:1/178/178/1920x1080', 'FullHD', 'VGA', 'HDMI']"/['12375', 'Сом']/"https://enter.kg//images/stories/virtuemart/product/mnt-24mp400-03-ergonomic-design-d_1429.jpg"
"['.LG', '27""', '27MK400H-B', 'TN', 'LED', '5ms/1000000:1/178/178/1920x1080', 'FullHD', 'VGA', 'HDMI']"/['12474', 'Сом']/"https://enter.kg//images/stories/virtuemart/product/24-025-889-v02_5681.jpg"
"['Монитор', 'LCD', '27"",', 'LG', '27MP400H-B,', 'Black,', 'IPS,', '1920x1080', '(16:9),', '1000:1,', '5мс,', '250', 'cd/m2,', '178/178,', '75Hz,', 'VGA,', 'HDMI']"/['12573', 'Сом']/"https://enter.kg//images/stories/virtuemart/product/432авыа_5281.webp"
"['Монитор', 'LCD', '27""', 'Xiaomi', 'Mi', 'IPS,', 'FHD1920x1080(16:9),Матовый,1000:1,(1000000:1),178°/178°,ультратонкий', '7мм,безрамочный,300', 'cd/m2,75Hz,6ms,VGA,HDMI,Audio', 'Out,Black[RMMNT27NF/BHR4975EU]']"/['12642', 'Сом']/"https://enter.kg//images/novinka.gif"
"['Монитор', 'LCD', '27""', 'AOC', '27B2H', 'Black,', 'IPS,', '1920x1080,', '20M:1,', '250cd/m2,', '178/178,', '75Hz,', '7ms,', 'LowBlue,', 'FlickerFree,', 'VGA,', 'HDMI,', '3,5mmJack,', 'VESA', '100х100,', '3-сторонняя', 'безрамная', 'панель,', 'в', 'комплекте', 'кабель', 'HDMI']"/['12870', 'Сом']/"https://enter.kg//images/stories/virtuemart/product/13_3602.jpg"
"['LED', 'LCD', '23.8"",', 'Acer', 'EK240YCbi,', 'Black,', 'VA,', '75Hz,', '1920x1080,', '100000000:1,', '250nits,', '178/178,', '5ms,', 'Audio', 'Out,', 'VGA,', 'HDMI']"/['13464', 'Сом']/"https://enter.kg//images/stories/virtuemart/product/1634306_v02_b_7103.jpg"
"['AOC', '27""', 'LED', 'LCD', 'AH-IPS', 'B2H', 'Black,1920x1080,H178°/V178°,HDMI+VGA(без', 'рамки),Audiojack,WALL']"/['14355', 'Сом']/"https://enter.kg//images/stories/virtuemart/product/4_8934.jfif"
"['Монитор', 'Samsung', '23.8""', 'LS24A336NHIXCI,', 'FHD', '1920x1080', '(16:9),', 'Матовый,', 'VA', 'LED,', '3000:1,', '(1000000:1),', '178°/178°,', 'VESA', '75', 'x', '75', 'mm,', 'Flicker', 'Free,', '250', 'cd/m2,', '60Hz,', '5ms,', 'VGA', '(D-Sub),', 'HDMI,', 'Black']"/['14751', 'Сом']/"https://enter.kg//images/stories/virtuemart/product/1_6981.jfif"
"['ASUS', '23.8""', 'VA24EHE', 'IPS', 'LED', '5ms,10000000:1,250', 'кд/м2,', '1920x1080', '75Hz,', '178/178', 'VGA', 'HDMI', 'DVI']"/['15246', 'Сом']/"https://enter.kg//images/stories/virtuemart/product/12s_4630.jpg"
"['Монитор', 'Digma', '23.8""', 'DM-MONF2420,', 'FHD', '1920x1080', '(16:9),', 'Матовый,', 'IPS,', '1200:1,', '(1000000:1),', '178°/178°,', 'безрамочный,', 'VESA', '100', 'x', '100', 'mm,', 'AMD', 'FreeSync,', 'Flicker', 'Free,', '250', 'cd/m2,', '75Hz,', '5ms,', 'VGA', '(D-Sub),', 'HDMI,', 'DisplayPort,', 'Audio', 'Out,', 'Black']"/['15246', 'Сом']/"https://enter.kg//images/stories/virtuemart/product/3_7198.jpg"
"['Монитор', 'LCD', '23.5"",', 'Samsung', 'LC24RG50FZIXCI,', 'Black,', 'VA,', 'Curved,', '1920x1080,', '3000:1,', '250cd/m2,', '178/178,', '4ms,', '144Hz,', '2xHDMI,', 'DP']"/['15741', 'Сом']/"https://enter.kg//images/stories/virtuemart/product/3_3936.png"
"['ACER', '23,8""', 'LED', 'LCD', 'AH-IPS', 'SA240YAbi,', 'FHD', ',1920x1080,75Hz,H178°/V178°,HDMI+VGA,Audiojack,', 'Black,WALL']"/['15840', 'Сом']/"https://enter.kg//images/stories/virtuemart/product/3_7764.jfif"
"['Монитор', 'LCD', '32""', 'DAHUA', 'DHI-LM32-F200', '(1920x1080,', '8ms,', '60Hz,', '200cd/m2,', '1400:1,', '178°/178°,', 'VGA,', 'USB,', 'HDMI)', 'Black']"/['16335', 'Сом']/"https://enter.kg//images/stories/virtuemart/product/без названия (33)_6511.jfif"
"['Монитор', 'LCD', '23.8""', 'LG', '24GQ50F-B', 'Black,', 'VA,', '1920x1080,', '3000:1,', '250', 'cd/m2,', '178/178,', '1ms,', '165Hz,', '2xHDMI,', 'DP,', 'Headphone-out']"/['16731', 'Сом']/"https://enter.kg//images/yandex.png"
"['Монитор', 'игровой', '23,8""', 'PHILIPS', '242E1GAJ/00', '1920x1080,', 'VA,', 'MPRT', '1ms,', '144Hz,', '350cd/m2,', '3500:1,', '178°/178°,', 'HDMI,', 'DisplayPort,', 'Black', '(HDMI,', 'DP', 'cable)']"/['16731', 'Сом']/"https://enter.kg//images/stories/virtuemart/product/7_5380.jpg"
"['SAMSUNG', '24""', 'LS24AG320NMXUE', 'Odyssey', 'G3', 'VA', '1ms,10000000:1,250', 'кд/м2,', '1920x1080', '165hz,', 'DP,', 'HDMI']"/['17226', 'Сом']/"https://enter.kg//images/stories/virtuemart/product/без названия (54)_2173.jfif"
"['Монитор', 'Asus', '23""', 'VZ239HE,', 'FHD', '1920x1080', '(16:9),', 'Матовый,', 'IPS,', '1000:1,', '(80000000:1),', '178°/178°,', 'ультра', 'тонкий', '7мм,', 'безрамочный,', 'круглая', 'подставка,', 'Low', 'Blue', 'Light,', 'Flicker', 'Free,', '250', 'cd/m2,', '75Hz,', '5ms,', 'VGA,', 'HDMI,', 'Black']"/['17226', 'Сом']/"https://enter.kg//images/stories/virtuemart/product/5_3277.jpg"
"['DELL', '27""', 'S2721HN', 'IPS', 'WLED', '4ms,10000000:1,300', 'кд/м2,1920x1080', 'FHD,178/178', '2xHDMI']"/['18216', 'Сом']/"https://enter.kg//images/stories/virtuemart/product/без названия (10)_3746.jpeg"
"['Монитор', 'игровой', '24""', 'PHILIPS', '24M1N3200VA', '1920x1080,', 'VA,', '1ms,', '165Hz,', '350cd/m2,3500:1,178°/178°,', 'HDMI,', 'DP,', 'VESA', '100x100,', 'Black', '(HDMI,', 'DP', 'cable)']"/['18315', 'Сом']/"https://enter.kg//images/stories/virtuemart/product/без названия (31)_2036.jfif"
"['Монитор', '23,8""', 'PHILIPS', '242E2FA/00', 'IPS,', '1920x1080,', '1ms,', '75Hz,', '300cd/m2,', '1000:1,', '178°/178°,', 'HDMI,', 'DP,', 'VGA,', 'Динамики,', 'VESA', '75x75,', 'Black', '(HDMI', 'cable)']"/['18711', 'Сом']/"https://enter.kg//images/stories/virtuemart/product/monitor-lcd-238-philips-242e2fa-00-ips-1920x1080-4ms-75hz-300cd-m2-1000-1-178-178-hdmi-dp-vga-dinamiki-vesa-75x75-black-hdmi-cab (1)_5928.jpg"
"['Монитор', 'игровой', 'LCD', '27""', 'DAHUA', 'DHI-LM27-E200', '(1920x1080,', '1ms,', '165Hz,', '250cd/m2,', '4000:1,', '178°/178°,', 'DP,', 'HDMI)', 'Black']"/['18810', 'Сом']/"https://enter.kg//images/stories/virtuemart/product/8_8648.jpg"
"['Монитор', 'LCD', '27"",', 'Viewsonic', 'VX2718-P-MHD', 'Black,', 'VA,', '1920x1080,', '165Hz,', '4000:1', '(80000000:1),', '250cd/m2,', '1ms,', '178°/178°,', '2xHDMI,', 'DP,', 'Audio-Out,', 'Speakers', '(2x2W)']"/['19602', 'Сом']/"https://enter.kg//images/stories/virtuemart/product/курв3_5562.png"
"['Монитор', 'LCD', '27"",', 'Viewsonic', 'VX2718-PC-MHD', 'Black,', 'VA,', 'Curved,', '1920x1080,', '165Hz,', '4000:1', '(80000000:1),', '250cd/m2,', '1ms,', '178°/178°,', '2xHDMI,', 'DP,', 'Audio-Out,', 'Speakers', '(2x2W)']"/['19701', 'Сом']/"https://enter.kg//images/stories/virtuemart/product/без названия (11)_1390.jpeg"
"['Монитор', 'Xiaomi', 'Redmi', '27""', 'RMMNT27NF,', 'FHD', '1920x1080', '(16:9),', 'Матовый,', 'IPS,', '1000:1,', '(1000000:1),', '178°/178°,', 'ультра', 'тонкий', '7мм,', 'безрамочный,', '300', 'cd/m2,', '75Hz,', '6ms,', 'VGA,', 'HDMI,', 'Audio', 'Out,', 'Black']"/['19701', 'Сом']/"https://enter.kg//images/stories/virtuemart/product/11_4126.jpg"
"['ACER', '27""', 'LED', 'LCD', 'AH-IPS', 'SA270Abi', 'FHD', ',1920x1080,75Hz,H178°/V178°,HDMI+VGA,Audiojack,', 'Black,WALL']"/['19800', 'Сом']/"https://enter.kg//images/stories/virtuemart/product/6_5154.jfif"
"['SAMSUNG', '27""', 'LED', 'LCD', 'AH-IPS', 'S27F354FHI', 'Black,1920x1080,H178°/V178°,AMD', 'FreeSync,VGA+HDMI,', 'BlackAudiojack,WALL']"/['19800', 'Сом']/"https://enter.kg//images/stories/virtuemart/product/5_7460.jpg"
"['Монитор', 'LCD', '27""', 'LG', '27GQ50F-B', 'Black,', 'VA,', '1920x1080,', '3000:1,', '250', 'cd/m2,', '178/178,', '1ms,', '165Hz,', '2xHDMI,', 'DP,', 'Headphone-out']"/['20295', 'Сом']/"https://enter.kg//images/yandex.png"
"['Монитор', 'LCD', '27"",', 'Viewsonic', 'VX2718-PC-MHDJ', 'Black,', 'VA,', 'Curved,', '1920x1080,', '165Hz,', '4000:1', '(80000000:1),', '250cd/m2,', '1ms,', '178°/178°,', '2xHDMI,', 'DP,', 'Audio-Out,', 'Speakers', '(2x2W)']"/['20295', 'Сом']/"https://enter.kg//images/stories/virtuemart/product/без названия (12)_5439.jpeg"
"['Монитор', 'игровой', '27""', 'PHILIPS', '272E1GAJ/00', 'VA,', '1920x1080,', 'MPRT', '1ms,', '144Hz,', '350cd/m2,', '3000:1,', '178°/178°,', 'HDMI,', 'DisplayPort,', 'Black', '(HDMI,', 'DP', 'cable)']"/['20394', 'Сом']/"https://enter.kg//images/stories/virtuemart/product/monitor-lcd-27-philips-272e1gaj-00-va-1920x1080-mprt-1ms-144hz-350cd-m2-3000-1-178-178-hdmi-displayport-black-hdmi-dp-cable (1)_2461.jpg"
"['Монитор', 'Acer', '27""', 'SA270Bbmipux,', 'FHD', '1920x1080', '(16:9),', 'Матовый,', 'IPS,', '1000:1,', '(100000000:1),', '178°/178°,', 'ультра', 'тонкий', '7мм,', 'безрамочный,', 'Blue', 'Light', 'Filter,', 'AMD', 'FreeSync,', '250', 'cd/m2,', '75Hz,', '1ms,', '2x2W', 'Speakers,', 'HDMI,', 'DisplayPort,', 'USB', 'Type-C,', 'Audio', 'Out,', 'Black']"/['20592', 'Сом']/"https://enter.kg//images/stories/virtuemart/product/12_5511.jpg"
"['Монитор', 'BENQ', '27""', 'GW2780,', 'FHD', '1920x1080', '(16:9),', 'Матовый,', 'IPS,', '1000:1,', '(20000000:1),', '178°/178°,', 'VESA', '100', 'x', '100', 'mm,', 'Flicker-Free,', '250', 'cd/m2,', '60Hz,', '5ms,', '2x2W', 'Speakers,', 'VGA', '(D-Sub),', 'HDMI', '1.3,', 'Display', 'Port,', 'Audio', 'In/Out,', 'Black']"/['20592', 'Сом']/"https://enter.kg//images/stories/virtuemart/product/6_6897.jfif"
"['Монитор', 'LCD', '27""', 'AOC', '27G2SAE/BK,VA,Black,1920x1080,80M:1,350cd/m2,178/178,1ms,165Hz,', 'AMDFreeSyncPremium,LowBlueLight,', 'VGA,2HDMI,DP,3,5mmJack,колонки', '2x2Вт,-5°', '~', '23°', ',VESA100', 'x', '100мм,в', 'комплекте', 'HDMI,DP']"/['20691', 'Сом']/"https://enter.kg//images/stories/virtuemart/product/17_1909.jpg"
"['Монитор', 'LCD', '24""', 'DAHUA', 'DHI-LM24-P301A', '2K', '(2560x1440,', 'IPS,', '6ms,', '75Hz,', '320cd/m2,', '1000:1,', '178°/178°,', 'USB-С,', 'HDMI,', 'DisplayPort,', 'Audio', 'port)', 'Black']"/['20988', 'Сом']/"https://enter.kg//images/stories/virtuemart/product/7_7580.jpg"
"['.LG', '27""', '27GQ50F', 'VA', 'LED', '5ms/5000000:1/178/178/1920x1080', 'FullHD', '165Hrz,HDMIx2,DP,USB']"/['21186', 'Сом']/"https://enter.kg//images/stories/virtuemart/product/d_01_5430.jpg"
"['Монитор', 'LCD', '27""', 'Samsung', 'LS27AG300NIXCI', 'Black,', 'VA,', '1920x1080,', '3000:1', '(Mega),', '250cd/m2,', '144Hz,', '178/178,', '1ms,', 'HDMI,', 'DP,', 'Headset-in']"/['21285', 'Сом']/"https://enter.kg//images/stories/virtuemart/product/7_7530.jfif"
"['SAMSUNG', '27""', 'LS27AG320NMXUE', 'Odyssey', 'G3', 'VA', '1ms,10000000:1,250', 'кд/м2,', '1920x1080', '165hz,', 'DP,', 'HDMI']"/['22176', 'Сом']/"https://enter.kg//images/stories/virtuemart/product/без названия (25)_2175.jfif"
"['Монитор', 'игровой', '27""', 'PHILIPS', '27M1N3200VA/01', '1920x', '1080,', 'VA,', '1ms,', '165Hz,', '250cd/m2,', '3000:1,', '178°/178°,', 'HDMI,', 'DP,', 'Black', '(HDMI,', 'DP', 'cable)']"/['22275', 'Сом']/"https://enter.kg//images/stories/virtuemart/product/monitor-philips-27m1n3200va-01-1920x-1080-va-1ms-165hz-250cd-m2-3000-1-178-178-hdmi-displayport-black-hdmi-displayport-cable (1)_3568.jpg"
"['Монитор', '23,8""', 'PHILIPS', '242S1AE/00', 'SmartErgoBase', '1920x1080,', 'IPS,', '4ms,', '75Hz,', '300cd/m2,1000:1,178°/178°,', 'VGA,', 'DVI-D,', 'HDMI,', 'DP,', 'Динамики,', 'Black']"/['22374', 'Сом']/"https://enter.kg//images/stories/virtuemart/product/monitor-lcd-238-philips-242s1ae-00-smartergobase-1920x1080-ips-4ms-75hz-300cd-m21000-1178-178-vga-dvi-d-hdmi-dp-dinamiki-black_5760.jpg"
"['ASUS', '24""', 'VG24VQE', 'CURVED', 'VA', '1ms/3000:1', '250kd/m2', '178/178', '1920x1080', '165Hrz', '2xHDMI,DP']"/['22671', 'Сом']/"https://enter.kg//images/stories/virtuemart/product/10_4591.jpg"
"['AOC', '23.8""', 'LED', 'LCD', 'G2490VXA,', 'VA,', 'Black', 'Red,', '144Hz,', '1920x1080,', '178/178,', '1ms,', 'HDMI', '+', 'DP,', 'AUX-output', '(3,5', 'мм),', 'Speakers(2x2', 'W)']"/['22770', 'Сом']/"https://enter.kg//images/stories/virtuemart/product/13_2103.webp"
"['Монитор', 'LCD', '27""', 'DAHUA', 'DHI-LM27-P301A', '2K', '(2560x1440,', 'IPS,', '5ms,', '75Hz,', '350cd/m2,', '1000:1,', '178°/178°,', 'USB-С,', 'HDMI,', 'DisplayPort,', 'Audio', 'port)', 'Black']"/['23661', 'Сом']/"https://enter.kg//images/stories/virtuemart/product/4_4853.jpeg"
"['SAMSUNG', '27""', 'LS27BM500EMXUE', 'VA', 'SMART', 'MONITOR', '4ms,250', 'кд/м2,', '1920x1080,178/178', 'WiFi,', 'BT,', 'HDMI', 'BLACK']"/['23958', 'Сом']/"https://enter.kg//images/stories/virtuemart/product/12_8505.jpg"
"['SAMSUNG', '27""', 'LS27BM501EMXUE', 'VA', 'SMART', 'MONITOR', '4ms,,250', 'кд/м2,', '1920x1080,178/178', 'WiFi', 'BT', 'HDMI', 'WHITE']"/['23958', 'Сом']/"https://enter.kg//images/stories/virtuemart/product/samsung-27-ls27bm501emxue-va-smart-monitor-4ms250-kd-m2-1920x1080178-178-wifi-bt-hdmi-white_4488.jpg"
"['Монитор', 'LCD', '30""', 'Xiaomi', 'Mi', 'Curved', 'Gaming', 'Monitor', '(VA,', '2560x1080,', '21:9,', 'curved,', '178°/178°,', '300сd/m2,', '3000', ':1', '(1M:1),', '4ms,', '200Hz,', '2xHDMI,', 'DP)', '[BHR5116GL]']"/['24255', 'Сом']/"https://enter.kg//images/novinka.gif"
"['Монитор', 'LCD', '27""', 'AOC', 'C27G2ZE,', 'VA,', 'Black', 'Red,', 'Curved,', '1920x1080,', '80M:1,', '300cd/m2,', '178/178,', '0.5ms,', '240Hz,', '2xHDMI,', 'DP,', 'Headphone', 'out']"/['24453', 'Сом']/"https://enter.kg//images/stories/virtuemart/product/20_5268.jpg"
"['Монитор', 'LCD', '27""', 'AOC', 'C27G2ZU/BK,', 'VA,', 'Black', 'Red,', 'Curved,', '1920x1080,', '80M:1,', '300cd/m2,', '178/178,', '0.5ms,', '240Hz,', '2xHDMI,', 'DP,', 'Headphone', 'out,', '4xUSB3.2']"/['24750', 'Сом']/"https://enter.kg//images/stories/virtuemart/product/18_7643.jfif"
"['Монитор', 'LCD', '27"",', 'Viewsonic', 'VX2718-2KPC-MHD', 'Black,', 'VA,', 'Curved,', '2560x1440,', '165Hz,', '4000:1', '(80000000:1),', '250cd/m2,', '1ms,', '178°/178°,', '2xHDMI,', 'DP,', 'Audio-Out,', 'Speakers', '(2x2W)Copy']"/['25047', 'Сом']/"https://enter.kg//images/stories/virtuemart/product/без названия (14)_5702.jpeg"
"['Монитор', 'LCD', '28""', 'DAHUA', 'DHI-LM28-F400', '4K', '(3840×2160,', '5ms,', '60Hz,', '300cd/m2,', '1000:1,', 'FreeSync,', '178°/178°,', 'USB,', 'HDMI,', 'DisplayPort)', 'Black']"/['25245', 'Сом']/"https://enter.kg//images/stories/virtuemart/product/8_7888.jpeg"
"['Монитор', 'LCD', '32""', 'DAHUA', 'DHI-LM32-P301A', '2K', '(2560x1440,', 'IPS,', '4ms,', '75Hz,', '350cd/m2,', '1200:1,', '178°/178°,', 'USB-С,', 'HDMI,', 'DisplayPort,', 'Audio', 'port)', 'Black']"/['25245', 'Сом']/"https://enter.kg//images/stories/virtuemart/product/9_8473.jpg"
"['SAMSUNG', '32""', 'LS32BM500EMXUE', 'VA', 'SMART', 'MONITOR', '8ms,250', 'кд/м2,', '1920x1080,178/178', 'Wireless,LAN,', 'BT,', 'HDMI']"/['26136', 'Сом']/"https://enter.kg//images/stories/virtuemart/product/b9fcde7a5b3b63a6197b4299ef43aef6e7123bb7a75d3328742b53dfc21c6b2d_2459.jpg"
"['DELL', '27""', 'G2722HS', 'IPS', '1ms,1000000:1,350кд/м2,1920x1080', 'FHD', '165Hz', '2xHDMI', 'DP']"/['26631', 'Сом']/"https://enter.kg//images/stories/virtuemart/product/10_2405.jpeg"
